,Name,MSE,MAE,R-Squared
0,Gradient Boost,110.97972304268357,8.295226846572303,0.6557593551173289
1,Voter,42.797223712731025,5.165878101589661,0.7167028171319911
