,Name,MSE,MAE,R-Squared
0,Gradient Boost,108.3793056351641,8.194138711307735,0.6710628391059525
1,Voter,46.52422037545947,5.457243187210953,0.7229208297821929
