,Name,MSE,MAE,R-Squared
0,Gradient Boost,118.79555316240821,8.462534738019833,0.6479841710336895
1,Voter,44.48689305671763,5.288998436504467,0.7327413676589416
